kode_saham,nama_saham
BBCA,Bank Central Asia
TPIA,Chandra Asri Pacific
BREN,Barito Renewables Energy
BYAN,Bayan Resources
AMMN,Amman Mineral Internasional
BBRI,Bank Rakyat Indonesia
BMRI,Bank Mandiri
DCII,DCI Indonesia
DSSA,Dian Swastatika Sentosa
TLKM,Telkom Indonesia
PANI,Pantai Indah Kapuk Dua
ASII,Astra International
BBNI,Bank Negara Indonesia
BRPT,Barito Pacific
DNET,Indoritel Makmur Internasional
CUAN,Petrindo Jaya Kreasi
ICBP,Indofood CBP Sukses Makmur
BRIS,Bank Syariah Indonesia
SMMA,Sinar Mas Multiartha
BNLI,Bank Permata
AMRT,Sumber Alfaria Trijaya
UNTR,United Tractors
CPIN,Charoen Pokphand Indonesia
ANTM,Aneka Tambang
HMSP,Hanjaya Mandala Sampoerna
INDF,Indofood Sukses Makmur
KLBF,Kalbe Farma
ISAT,Indosat
MLPT,Multipolar Technology
GOTO,GoTo Gojek Tokopedia
UNVR,Unilever Indonesia
PGEO,Pertamina Geothermal Energy
BRMS,Bumi Resources Minerals
AADI,Adaro Andalan Indonesia
BELI,Global Digital Niaga
GEMS,Golden Energy Mines
ADRO,Alamtri Resources Indonesia
SRAJ,Sejahteraraya Anugrahjaya
CASA,Capital Financial Indonesia
MBMA,Merdeka Battery Materials
MDKA,Merdeka Copper Gold
MYOR,Mayora Indah
TBIG,Tower Bersama Infrastructure
MTEL,Dayamitra Telekomunikasi
BUMI,Bumi Resources
NCKL,Trimegah Bangun Persada
BNGA,Bank CIMB Niaga
EXCL,XLSMART Telecom Sejahtera
ADMR,Alamtri Minerals Indonesia
PGAS,Perusahaan Gas Negara
CMRY,Cisarua Mountain Dairy
MEGA,Bank Mega
INCO,Vale Indonesia
MDIY,Daya Intiguna Yasa
MIKA,Mitra Keluarga Karyasehat
MEDC,Medco Energi Internasional
MSIN,MNC Digital Entertainment
CBDK,Bangun Kosambi Sukses
NISP,Bank OCBC NISP
INKP,Indah Kiat Pulp & Paper
EMTK,Elang Mahkota Teknologi
SILO,Siloam International Hospitals
PTBA,Bukit Asam
PNBN,Bank Pan Indonesia
TCPI,Transcoal Pacific
BINA,Bank Ina Perdana
AVIA,Avia Avian
PTRO,Petrosea
TOWR,Sarana Menara Nusantara
JSMR,Jasa Marga
ITMG,Indo Tambangraya Megah
ARTO,Bank Jago
BDMN,Bank Danamon Indonesia
AKRA,AKR Corporindo
BTPN,Bank SMBC Indonesia
HEAL,Medikaloka Hermina
BKSL,Sentul City
MPRO,Maha Properti Indonesia
SRTG,Saratoga Investama Sedaya
MKPI,Metropolitan Kentjana
MAPA,MAP Aktif Adiperkasa
MAPI,Mitra Adiperkasa
FILM,MD Entertainment
YUPI,Yupi Indo Jelly Gum
TAPG,Triputra Agro Persada
FAPA,FAP Agri
BBHI,Allo Bank Indonesia
CTRA,Ciputra Development
PWON,Pakuwon Jati
SMGR,Semen Indonesia
GGRM,Gudang Garam
BSIM,Bank Sinarmas
INTP,Indocement Tunggal Prakarsa
MFIN,Mandala Multifinance
RATU,Raharja Energi Cepu
JPFA,Japfa Comfeed Indonesia
KPIG,MNC Land
TKIM,Pabrik Kertas Tjiwi Kimia
BSDE,Bumi Serpong Damai
IMPC,Impack Pratama Industri
MCOL,Prima Andalan Mandiri
CITA,Cita Mineral Investindo
BBTN,Bank Tabungan Negara
BNII,Bank Maybank Indonesia
BBSI,Krom Bank Indonesia
ARCI,Archi Indonesia
SIDO,Industri Jamu dan Farmasi Sido Muncul
LIFE,MSIG Life Insurance Indonesia
CLEO,Sariguna Primatirta
CMNT,Cemindo Gemilang
ULTJ,Ultra Jaya Milk Industry & Trading Company
MIDI,Midi Utama Indonesia
STTP,Siantar Top
APIC,Pacific Strategic Financial
GOOD,Garudafood Putra Putri Jaya
BUKA,Bukalapak.com
CNMA,Nusantara Sejahtera Raya
SSMS,Sawit Sumbermas Sarana
MLBI,Multi Bintang Indonesia
BFIN,BFI Finance Indonesia
BANK,Bank Aladin Syariah
JSPT,Jakarta Setiabudi Internasional
RISE,Jaya Sukses Makmur Sentosa
PSAB,J Resources Asia Pasifik
AALI,Astra Agro Lestari
BBKP,Bank KB Bukopin
SMSM,Selamat Sempurna
POWR,Cikarang Listrindo
HRUM,Harum Energy
TSPC,Tempo Scan Pacific
BSSR,Baramulti Suksessarana
NICL,PAM Mineral
BTPS,Bank BTPN Syariah
MORA,Mora Telematika Indonesia
SMAR,Sinar Mas Agro Resources and Technology
ESSA,ESSA Industries Indonesia
ALII,Ancara Logistics Indonesia
AUTO,Astra Otoparts
BMAS,Bank Maspion Indonesia
RAJA,Rukun Raharja
SCMA,Surya Citra Media
JRPT,Jaya Real Property
ADMF,Adira Dinamika Multi Finance
INPP,Indonesian Paradise Property
LSIP,Perusahaan Perkebunan London Sumatra Indonesia
SOHO,Soho Global Health
PRAY,Famon Awal Bros Sedaya
SHIP,Sillo Maritime Perdana
BBMD,Bank Mestika Dharma
STAA,Sumber Tani Agung Resources
BJBR,Bank Pembangunan Daerah Jawa Barat dan Banten
DSNG,Dharma Satya Nusantara
ENRG,Energi Mega Persada
ACES,Aspirasi Hidup Indonesia
ERAA,Erajaya Swasembada
ABMM,ABM Investama
PNLF,Panin Financial
DAAZ,Daaz Bara Lestari
NSSS,Nusantara Sawit Sejahtera
SSIA,Surya Semesta Internusa
CMNP,Citra Marga Nusaphala Persada
EDGE,Indointernet
SIMP,Salim Ivomas Pratama
TINS,Timah
CARE,Metro Healthcare Indonesia
TLDN,Teladan Prima Agro
DEWA,Darma Henwa
TMAS,Temas
BJTM,Bank Pembangunan Daerah Jawa Timur
ADES,Akasha Wira International
INDY,Indika Energy
CTBN,Citra Tubindo
TOBA,TBS Energi Utama
DMAS,Puradelta Lestari
DUTI,Duta Pertiwi
MTDL,Metrodata Electronics
BALI,Bali Towerindo Sentra
CYBR,ITSEC Asia
EPMT,Enseval Putera Megatrading
KRAS,Krakatau Steel
SMRA,Summarecon Agung
NETV,MDTV Media Technologies
BPII,Batavia Prosperindo Internasional
ANJT,Austindo Nusantara Jaya
LPKR,Lippo Karawaci
PACK,Abadi Nusantara Hijau Investama
TGKA,Tigaraksa Satria
PALM,PT Provident Investasi Bersama
SGER,Sumber Global Energy
SMDR,Samudera Indonesia
FORE,Fore Kopi Indonesia
BIPI,Astrindo Nusantara Infrastruktur
AGRO,Bank Raya Indonesia
OMED,Jayamas Medica Industri
MAYA,Bank Mayapada Internasional
WIFI,Solusi Sinergi Digital
DMND,Diamond Food Indonesia
BNBR,Bakrie & Brothers
ROTI,Nippon Indosari Corpindo
BIRD,Blue Bird
TBLA,Tunas Baru Lampung
MAPB,MAP Boga Adiperkasa
DRMA,Dharma Polimetal
NOBU,Bank Nationalnobu
YULE,Yulie Sekuritas Indonesia
SDRA,Bank Woori Saudara Indonesia 1906
SMDM,Suryamas Dutamakmur
SGRO,Sampoerna Agro
GOLF,Intra GolfLink Resorts
VICI,Victoria Care Indonesia
SAME,Sarana Meditama Metropolitan
MPMX,Mitra Pinasthika Mustika
ARNA,Arwana Citramulia
HEXA,Hexindo Adiperkasa
CASS,Cahaya Aero Services
MSTI,Mastersystem Infotama
GJTL,Gajah Tunggal
MYOH,Samindo Resources
BESS,Batulicin Nusantara Maritim
PBID,Panca Budi Idaman
KIJA,Kawasan Industri Jababeka
PNIN,Paninvest
MTLA,Metropolitan Land
BHAT,Bhakti Multi Artha
VKTR,VKTR Teknologi Mobilitas
HILL,Hillcon
MMLP,Mega Manunggal Property
JARR,Jhonlin Agro Raya
SAMF,Saraswanti Anugerah Makmur
ELSA,Elnusa
TUGU,Asuransi Tugu Pratama Indonesia
SURE,Super Energy
IMAS,Indomobil Sukses Internasional
MNCN,Media Nusantara Citra
CBUT,Citra Borneo Utama
KEJU,Mulia Boga Raya
PSGO,Palma Serasih
PGUN,Pradiksi Gunatama
SMBR,Semen Baturaja
AGRS,Bank IBK Indonesia
SKRN,Superkrane Mitra Utama
AGII,Samator Indo Gas
BOLT,Garuda Metalindo
CENT,Centratama Telekomunikasi Indonesia
UNIC,Unggul Indah Cahaya
CPRO,Central Proteina Prima
BBYB,Bank Neo Commerce
INPC,Bank Artha Graha Internasional
KEEN,Kencana Energi Lestari
SMMT,Golden Eagle Energy
BNBA,Bank Bumi Arta
BISI,BISI International
AMAR,Bank Amar Indonesia
DMMX,Digital Mediatama Maxima
DOID,BUMA Internasional Grup
ASSA,Adi Sarana Armada
MDLA,Medela Potentia
CLAY,Citra Putra Realty
HRTA,Hartadinata Abadi
NIRO,City Retail Developments
MBSS,Mitrabahtera Segara Sejati
ARGO,Argo Pantes
ELPI,Pelayaran Nasional Ekalya Purnamasari
PRDA,Prodia Widyahusada
PTPP,Pembangunan Perumahan
SFAN,Surya Fajar Capital
BACA,Bank Capital Indonesia
MGRO,Mahkota Group
UDNG,Agro Bahari Nusantara
DKFT,Central Omega Resources
BRAM,Indo Kordsa
MARK,Mark Dynamics Indonesia
DGWG,Delta Giri Wacana
HATM,Habco Trans Maritima
PYFA,Pyridam Farma
TRIM,Trimegah Sekuritas Indonesia
MCOR,Bank China Construction Bank Indonesia
ASRI,Alam Sutera Realty
MAHA,Mandiri Herindo Adiperkasa
PORT,Nusantara Pelabuhan Handal
ARKO,Arkora Hydro
RALS,Ramayana Lestari Sentosa
IFII,Indonesia Fibreboard Industry
TOTO,Surya Toto Indonesia
WOOD,Integra Indocabinet
BCAP,MNC Kapital Indonesia
ISSP,Steel Pipe Industry of Indonesia
TOTL,Total Bangun Persada
BABP,Bank MNC Internasional
LPCK,Lippo Cikarang
GMFI,Garuda Maintenance Facility Aero Asia
NICE,Adhi Kartiko Pratama
SONA,Sona Topas Tourism Industry
JAWA,Jaya Agra Wattie
RMKE,RMK Energy
KMTR,Kirana Megatara
VICO,Victoria Investama
DAYA,Duta Intidaya
BUKK,Bukaka Teknik Utama
MINE,Sinar Terang Mandiri
FMII,Fortune Mate Indonesia
BOGA,Bintang Oto Global
BEEF,Estika Tata Tiara
UCID,Uni-Charm Indonesia
BMTR,Global Mediacom
BKSW,Bank QNB Indonesia
APLN,Agung Podomoro Land
TPMA,Trans Power Marine
MBAP,Mitrabara Adiperdana
BHIT,MNC Asia Holding
SUNI,PT Sunindo Pratama
DWGL,Dwi Guna Laksana
LPPF,Matahari Department Store
PNBS,Bank Panin Dubai Syariah
RAAM,Tripar Multivision Plus
ADHI,Adhi Karya
MLIA,Mulia Industrindo
BWPT,Eagle High Plantations
GIAA,Garuda Indonesia
SINI,Singaraja Putra
SMIL,Sarana Mitra Luas
BULL,Buana Lintas Lautan
BGTG,Bank Ganesha
IPCC,Indonesia Kendaraan Terminal
CEKA,Wilmar Cahaya Indonesia
MTMH,Murni Sadar
PSSI,IMC Pelita Logistik
DVLA,Darya-Varia Laboratoria
MSJA,Multi Spunindo Jaya
DNAR,Bank Oke Indonesia
SPTO,Surya Pertiwi
AMAG,Asuransi Multi Artha Guna
KKGI,Resource Alam Indonesia
DATA,Remala Abadi
BMHS,Bundamedik
SCCO,Supreme Cable Manufacturing & Commerce
JTPE,Jasuindo Tiga Perkasa
ERAL,Sinar Eka Selaras
WINS,Wintermar Offshore Marine
WIIM,Wismilak Inti Makmur
DLTA,Delta Djakarta
PMJS,Putra Mandiri Jembar
IMJS,Indomobil Multi Jasa
HERO,DFI Retail Nusantara
PDPP,Primadaya Plastisindo
BUAH,Segar Kumala Indonesia
KBLI,KMI Wire and Cable
BLES,Superior Prima Sukses
ACST,Acset Indonusa
BVIC,Bank Victoria International
FAST,Fast Food Indonesia
BUVA,Bukit Uluwatu Villa
IATA,MNC Energy Investments
AMFG,Asahimas Flat Glass
KINO,Kino Indonesia
ENAK,Champ Resto Indonesia
INDS,Indospring
IFSH,Ifishdeco
MLPL,Multipolar
BBSS,Bumi Benowo Sukses Sejahtera
IPCM,Jasa Armada Indonesia
DEPO,Caturkarda Depo Bangunan
TRST,Trias Sentosa
PNGO,Pinago Utama
CSAP,Catur Sentosa Adiprana
INDR,Indo-Rama Synthetics
CSRA,Cisadane Sawit Raya
INRU,Toba Pulp Lestari
LPGI,Lippo General Insurance
MAIN,Malindo Feedmill
PANR,Panorama Sentrawisata
INET,Sinergi Inti Andalan Prima
MERK,Merck
TRGU,Cerestar Indonesia
ALDO,Alkindo Naratama
JIHD,Jakarta International Hotels & Development
DILD,Intiland Development
NEST,Esta Indonesia
LTLS,Lautan Luas
SIPD,Sreeya Sewu Indonesia
MKTR,Menthobi Karyatama Raya
BSBK,Wulandari Bangun Laksana
BBLD,Buana Finance
CAMP,Campina Ice Cream Industry
CARS,Industri dan Perdagangan Bintraco Dharma
WOMF,Wahana Ottomitra Multiartha
CFIN,Clipan Finance Indonesia
UNIQ,Ulima Nitra
RSCH,Charlie Hospital Semarang
SOCI,Soechi Lines
JKON,Jaya Konstruksi Manggala Pratama
ASGR,Astra Graphia
PANS,Panin Sekuritas
SKLT,Sekar Laut
NFCX,NFC Indonesia
NATO,Surya Permata Andalan
AMOR,Ashmore Asset Management Indonesia
OASA,Maharaksa Biru Energi
AREA,Dunia Virtual Online
ADCP,Adhi Commuter Properti
FPNI,Lotte Chemical Titan
PTSN,Sat Nusapersada
PBSA,Paramita Bangun Sarana
CSMI,Cipta Selera Murni
IPTV,MNC Vision Networks
MCAS,M Cash Integrasi
HGII,Hero Global Investment
MKAP,Multikarya Asia Pasifik Raya
CHIP,Pelita Teknologi Global
TIRA,Tira Austenite
BUDI,Budi Starch & Sweetener
GDST,Gunawan Dianjaya Steel
WIRG,WIR ASIA
HUMI,Humpuss Maritim Internasional
SHID,Hotel Sahid Jaya International
GWSA,Greenwood Sejahtera
TCID,Mandom Indonesia
ARII,Atlas Resources
MDIA,Intermedia Capital
BEST,Bekasi Fajar Industrial Estate
HOKI,Buyung Poetra Sembada
BPFI,Woori Finance Indonesia
ATIC,Anabatic Technologies
TEBE,Dana Brata Luhur
AWAN,Era Digital Media
NELY,Pelayaran Nelly Dwi Putri
GHON,Gihon Telekomunikasi Indonesia
STRK,Lovina Beach Brewery
CMPP,AirAsia Indonesia
IPOL,Indopoly Swakarsa Industry
INDO,Royalindo Investa Wijaya
ARTA,Arthavest
BDKR,Berdikari Pondasi Perkasa
NICK,Charnic Capital
ASLC,Autopedia Sukses Lestari
RELI,Reliance Sekuritas Indonesia
BABY,Multitrend Indo
PTPW,Pratama Widya
SPMA,Suparma
KDSI,Kedawung Setia Industrial
VOKS,Voksel Electric
WSBP,Waskita Beton Precast
PKPK,Perdana Karya Perkasa
WTON,Wijaya Karya Beton
NRCA,Nusa Raya Cipta
PJAA,Pembangunan Jaya Ancol
AXIO,Tera Data Indonusa
GSMF,Equity Development Investment
MINA,Sanurhasta Mitra
BIKE,Sepeda Bersama Indonesia
ITMA,Sumber Energi Andalan
VTNY,Venteny Fortuna International
SULI,SLJ Global
ZONE,Mega Perintis
SMGA,Sumber Mineral Global Abadi
MTWI,Malacca Trust Wuwungan Insurance
HDFA,Radana Bhaskara Finance
DOOH,Era Media Sejahtera
APLI,Asiaplast Industries
PNSE,Pudjiadi & Sons
GUNA,Gunanusa Eramandiri
GRIA,Ingria Pratama Capitalindo
MPPA,Matahari Putra Prima
RANC,Supra Boga Lestari
MITI,Mitra Investindo
AYAM,Janu Putra Sejahtera
BBRM,Pelayaran Nasional Bina Buana Raya
LIVE,Homeco Victoria Makmur
IRRA,Itama Ranoraya
EKAD,Ekadharma International
WINE,Hatten Bali
GTSI,GTS Internasional
JECC,Jembo Cable Company
FORU,Fortune Indonesia
NIKL,Pelat Timah Nusantara
TBMS,Tembaga Mulia Semanan
MDLN,Modernland Realty
BRNA,Berlina
NAIK,Adiwarna Anugerah Abadi
PPRE,PP Presisi
SKBM,Sekar Bumi
VERN,Verona Indah Pictures
PEVE,Penta Valent
BOLA,Bali Bintang Sejahtera
IGAR,Champion Pacific Indonesia
KETR,Ketrosden Triasmitra
GPRA,Perdana Gapuraprima
FUJI,Fuji Finance Indonesia
SMKL,Satyamitra Kemas Lestari
UFOE,Damai Sejahtera Abadi
SURI,Maja Agung Latexindo
LABS,UBC Medical Indonesia
KING,Hoffmen Cleanindo
GTBO,Garda Tujuh Buana
MSKY,MNC Sky Vision
AISA,FKS Food Sejahtera
TAMU,Pelayaran Tamarin Samudra
MOLI,Madusari Murni Indah
KMDS,Kurniamitra Duta Sentosa
BLTA,Berlian Laju Tanker
TRIS,Trisula International
GZCO,Gozco Plantations
SOLA,Xolare Rcr Energy
UNTD,Terang Dunia Internusa
HAIS,Hasnur Internasional Shipping
JATI,Informasi Teknologi Indonesia
KLAS,Pelayaran Kurnia Lautan Semesta
MAXI,Maxindo Karya Anugerah
MMIX,Multi Medika Internasional
GLVA,Galva Technologies
WEGE,Wijaya Karya Bangunan Gedung
KARW,Meratus Jasa Prima
IKBI,Sumi Indo Kabel
PZZA,Sarimelati Kencana
MHKI,Multi Hanna Kreasindo
IOTF,Sumber Sinergi Makmur
CITY,Natura City Developments
BAYU,Bayu Buana
GDYR,Goodyear Indonesia
RIGS,Rig Tenders Indonesia
KRYA,Bangun Karya Perkasa Jaya
CRAB,Toba Surimi Industries
APEX,Apexindo Pratama Duta
PBRX,Pan Brothers
TRIN,Perintis Triniti Properti
CCSI,Communication Cable Systems Indonesia
ADMG,Polychem Indonesia
DART,Duta Anggada Realty
DGIK,Nusa Konstruksi Enjiniring
RODA,Pikko Land Development
MREI,Maskapai Reasuransi Indonesia
FUTR,Futura Energi Global
PADI,Minna Padi Investama Sekuritas
HALO,Haloni Jane
VAST,Vastland Indonesia
VISI,Satu Visi Putra
TYRE,King Tire Indonesia
KSIX,Kentanix Supra International
LEAD,Logindo Samudramakmur
VRNA,Mizuho Leasing Indonesia
MDKI,Emdeki Utama
EAST,Eastparc Hotel
AMAN,Makmur Berkah Amanda
ELTY,Bakrieland Development
SCNP,Selaras Citra Nusantara Perkasa
URBN,Urban Jakarta Propertindo
IDPR,Indonesia Pondasi Raya
EURO,Estee Gold Feet
TALF,Tunas Alfin
DYAN,Dyandra Media International
KONI,Perdana Bangun Pusaka
AKPI,Argha Karya Prima Industry
PTMP,Mitra Pack
BELL,Trisula Textile Industries
TRUS,Trust Finance Indonesia
HYGN,Ecocare Indo Pasifik
REAL,Repower Asia Indonesia
OKAS,Ancora Indonesia Resources
LFLO,Imago Mulia Persada
IKPM,Ikapharmindo Putramas
BOAT,Newport Marine Services
PSKT,Red Planet Indonesia
ASRM,Asuransi Ramayana
CLPI,Colorpak Indonesia
KOBX,Kobexindo Tractors
SOSS,Shield On Service
KBLM,Kabelindo Murni
LPLI,Star Pacific
PART,Cipta Perdana Lancar
SWID,Saraswanti Indoland Development
HOMI,Grand House Mulia
ROCK,Rockfields Properti Indonesia
ELIT,Data Sinergitama Jaya
AHAP,Asuransi Harta Aman Pratama
BPTR,Batavia Prosperindo Trans
YOII,Asuransi Digital Bersama
PDES,Destinasi Tirta Nusantara
CBRE,Cakra Buana Resources Energi
ASLI,Asri Karya Lestari
PEGE,Panca Global Kapital
ATLA,Atlantis Subsea Indonesia
GOLD,Visi Telekomunikasi Infrastruktur
MUTU,Mutuagung Lestari
SATU,Kota Satu Properti
CNKO,Exploitasi Energi Indonesia
ZINC,Kapuas Prima Coal
EMDE,Megapolitan Developments
SRSN,Indo Acidatama
BEER,Jobubu Jarum Minahasa
KIAS,Keramika Indonesia Assosiasi
CRSN,Carsurin
HAJJ,Arsy Buana Travelindo
UNSP,Bakrie Sumatera Plantations
TRON,Teknologi Karya Digital Nusa
SMLE,Sinergi Multi Lestarindo
MICE,Multi Indocitra
BTON,Betonjaya Manunggal
BMSR,Bintang Mitra Semestaraya
GULA,Aman Agrindo
FWCT,Wijaya Cahaya Timber
PEHA,Phapros
SAPX,Satria Antaran Prima
SOTS,Satria Mega Kencana
UANG,Pakuan
DOSS,Global Sukses Digital
BAJA,Saranacentral Bajatama
LABA,Green Power Group
FOLK,Multi Garam Utama
KOPI,Mitra Energi Persada
CBPE,Citra Buana Prasida
GTRA,Grahaprima Suksesmandiri
SNLK,Sunter Lakeside Hotel
BINO,Perma Plasindo
BKDP,Bukit Darmo Property
BATR,Benteng Api Technic
PIPA,Multi Makmur Lemindo
ASDM,Asuransi Dayin Mitra
KBAG,Karya Bersama Anugerah
TFAS,Telefast Indonesia
BTEK,Bumi Teknokultura Unggul
MPXL,MPX Logistics International
AGAR,Asia Sejahtera Mina
GPSO,Geoprima Solusi
BIPP,Bhuwanatala Indah Permai
KOCI,Kokoh Exa Nusantara
TOSK,Topindo Solusi Komunika
ECII,Electronic City Indonesia
LCKM,LCK Global Kedaton
BOBA,Formosa Ingredient Factory
HELI,Jaya Trishindo
VIVA,Visi Media Asia
COAL,Black Diamond Resources
PAMG,Bima Sakti Pertiwi
ACRO,Samcro Hyosung Adilestari
PTIS,Indo Straits
IBOS,Indo Boga Sukses
OBAT,Brigit Biofarmaka Teknologi
DPUM,Dua Putra Utama Makmur
TRJA,Transkon Jaya
ITIC,Indonesian Tobacco
JGLE,Graha Andrasentra Propertindo
SSTM,Sunson Textile Manufacturer
LION,Lion Metal Works
YPAS,Yanaprima Hastapersada
KLIN,Klinko Karya Imaji
WAPO,Wahana Pronatural
PRIM,Royal Prima
PTSP,Pioneerindo Gourmet International
AKSI,Mineral Sumberdaya Mandiri
COCO,Wahana Interfood Nusantara
NZIA,Nusantara Almazia
PTPS,Pulau Subur
DGNS,Diagnos Laboratorium Utama
KOTA,DMS Propertindo
KOKA,Koka Indonesia
WGSH,Wira Global Solusi
NINE,Techno9 Indonesia
DEWI,Dewi Shri Farmindo
APII,Arita Prima Indonesia
PURI,Puri Global Sukses
PPRI,Paperocks Indonesia
ZYRX,Zyrexindo Mandiri Buana
VINS,Victoria Insurance
RGAS,Kian Santang Muliatama
NASA,Andalan Perkasa Abadi
KREN,Quantum Clovera Investama
DIVA,Distribusi Voucher Nusantara
AMIN,Ateliers Mecaniques D'Indonesie
CINT,Chitose Internasional
TMPO,Tempo Inti Media
BEKS,Bank Pembangunan Daerah Banten (Perseroda)
CAKK,Cahayaputra Asa Keramik
SDPC,Millennium Pharmacon International
ANDI,Andira Agro
DKHH,Cipta Sarana Medika
LPIN,Multi Prima Sejahtera
ESTA,Esta Multi Usaha
KDTN,Puri Sentul Permai
BSML,Bintang Samudera Mandiri Lines
GEMA,Gema Grahasarana
WEHA,Weha Transportasi Indonesia
UVCR,Trimegah Karya Pratama
CGAS,Citra Nusantara Gemilang
OBMD,OBM Drilchem
INOV,Inocycle Technology Group
RUIS,Radiant Utama Interinsco
ASJT,Asuransi Jasa Tania
HRME,Menteng Heritage Realty
BCIP,Bumi Citra Permai
ABBA,Mahaka Media
LPPS,Lenox Pasifik Investama
BLUE,Berkah Prima Perkasa
STAR,Buana Artha Anugerah
TRUE,Triniti Dinamik
ASMI,Asuransi Maximus Graha Persada
ASBI,Asuransi Bintang
ASPI,Andalan Sakti Primaindo
LMPI,Langgeng Makmur Industri
WOWS,Ginting Jaya Energi
PUDP,Pudjiadi Prestige
MARI,Mahaka Radio Integra
WINR,Winner Nusantara Jaya
IRSX,Aviana Sinar Abadi
NTBK,Nusatama Berkah
IPAC,Era Graharealty
LUCY,Lima Dua Lima Tiga
ERTX,Eratex Djaja
SAFE,Steady Safe
JMAS,Asuransi Jiwa Syariah Jasa Mitra Abadi
RMKO,Royaltama Mulia Kontraktorindo
SLIS,Gaya Abadi Sempurna
HOPE,Harapan Duta Pertiwi
INCI,Intanwijaya Internasional
BAUT,Mitra Angkasa Sejahtera
MANG,Manggung Polahraya
SBMA,Surya Biru Murni Acetylene
NPGF,Nusa Palapa Gemilang
NAYZ,Hassana Boga Sejahtera
SEMA,Semacom Integrated
MRAT,Mustika Ratu
FIRE,Alfa Energi Investama
ALKA,Alakasa Industrindo
BAIK,Bersama Mencapai Puncak
LAPD,Leyand International
PSDN,Prasidha Aneka Niaga
RELF,Graha Mitra Asia
MTPS,Meta Epsi
LAJU,Jasa Berdikari Logistics
INTD,Inter Delta
IKAI,Intikeramik Alamasri Industri
MGNA,Magna Investama Mandiri
SAGE,Saptausaha Gemilangindah
KAQI,Jantra Grupo Indonesia
SICO,Sigma Energy Compressindo
INAI,Indal Aluminium Industry
TOOL,Rohartindo Nusantara Luas
DSFI,Dharma Samudera Fishing Industries
SMKM,Sumber Mas Konstruksi
TARA,Agung Semesta Sejahtera
INPS,Indah Prakasa Sentosa
NANO,Nanotech Indonesia Global
MPOW,Megapower Makmur
MPIX,Mitra Pedagang Indonesia
CSIS,Cahayasakti Investindo Sukses
SOFA,Boston Furniture Industries
KBLV,First Media
MBTO,Martina Berto
CHEM,Chemstar Indonesia
ISEA,Indo American Seafoods
CASH,Cashlez Worldwide Indonesia
ASHA,Cilacap Samudera Fishing Industry
PURA,Putra Rajawali Kencana
RCCC,Utama Radar Cahaya
AYLS,Agro Yasa Lestari
ZATA,Bersama Zatta Jaya
GRPM,Graha Prima Mentari
JAYA,Armada Berjaya Trans
MEDS,Hetzer Medical Indonesia
PPGL,Prima Globalindo Logistik
DPNS,Duta Pertiwi Nusantara
NASI,Wahana Inti Makmur
PICO,Pelangi Indah Canindo
ENZO,Morenzo Abadi Perkasa
HBAT,Minahasa Membangun Hebat
ESTI,Ever Shine Textile
SPRE,Soraya Berjaya Indonesia
AIMS,Artha Mahiya Investama
FOOD,Sentra Food Indonesia
MIRA,Mitra International Resources
KUAS,Ace Oldfields
BATA,Sepatu Bata
MENN,Menn Teknologi Indonesia
TNCA,Trimuda Nuansa Citra
JAST,Jasnita Telekomindo
TAXI,Express Transindo Utama
GLOB,Globe Kita Terang
RBMS,Ristia Bintang Mahkotasejati
TRUK,Guna Timur Raya
PGLI,Pembangunan Graha Lestari Indah
LAND,Trimitra Propertindo
BRRC,Raja Roti Cemerlang
OPMS,Optima Prima Metal Sinergi
IKAN,Era Mandiri Cemerlang
TAYS,Jaya Swarasa Agung
KIOS,Kioson Komersial Indonesia
MDRN,Modern Internasional
IDEA,Idea Indonesia Akademi
POLA,Pool Advista Finance
RUNS,Global Sukses Solusi
GRPH,Griptha Putra Persada
OILS,Indo Oil Perkasa
LUCK,Sentral Mitra Informatika
POLY,Asia Pacific Fibers
LRNA,Eka Sari Lorena Transport
BAPI,Bhakti Agung Propertindo
ISAP,Isra Presisi Indonesia
PADA,PT Personel Alih Daya
LOPI,Logisticsplus International
INTA,Intraco Penta
SOUL,Mitra Tirta Buwana
ARKA,Arkha Jayanti Persada
EPAC,Megalestari Epack Sentosaraya
ICON,Island Concepts Indonesia
KKES,Kusuma Kemindo Sentosa
FLMC,Falmaco Nonwoven Industri
ATAP,Trimitra Prawara Goldland
OLIV,Oscar Mitra Sukses Sejahtera
PLAN,Planet Properindo Jaya
CANI,Capitol Nusantara Indonesia
PCAR,Prima Cakrawala Abadi
YELO,Yelooo Integra Datanet
INDX,Tanah Laut
BAPA,Bekasi Asri Pemula
MSIE,Multisarana Intan Eduka
AEGS,Anugerah Spareparts Sejahtera
DIGI,Arkadia Digital Media
KICI,Kedaung Indah Can
ESIP,Sinergi Inti Plastindo
CTTH,Citatah
WIDI,Widiant Jaya Krenindo
INCF,Indo Komoditi Korpora
SDMU,Sidomulyo Selaras
TAMA,Lancartama Sejati
HDIT,Hensel Davest Indonesia
BIMA,Primarindo Asia Infrastructure
LMAX,Lupromax Pelumas Indonesia
RICY,Ricky Putra Globalindo
IBFN,Intan Baru Prana
HADE,Himalaya Energi Perkasa
BMBL,Lavender Bina Cendikia
ABDA,Asuransi Bina Dana Arta
AKKU,Anugerah Kagum Karya Utama
ALMI,Alumindo Light Metal Industry
ALTO,Tri Banyan Tirta
AMMS,Agung Menjangan Mas
ARMY,Armidian Karyatama
ARTI,Ratu Prabu Energi
BCIC,Bank Jtrust Indonesia
BEBS,Berkah Beton Sadaya
BIKA,Binakarya Jaya Abadi
BLTZ,Graha Layar Prima
BOSS,Borneo Olah Sarana Sukses
BSWD,Bank of India Indonesia
BTEL,Bakrie Telecom
CBMF,Cahaya Bintang Medan
CNTX,Century Textile Industry
COWL,Cowell Development
CPRI,Capri Nusa Satu Properti
DADA,Diamond Citra Propertindo
DEAL,Dewata Freightinternational
DEFI,Danasupra Erapacific
DFAM,Dafam Property Indonesia
DUCK,Jaya Bersama Indo
ENVY,Envy Technologies Indonesia
ETWA,Eterindo Wahanatama
FASW,Fajar Surya Wisesa
FIMP,Fimperkasa Utama
FISH,FKS Multi Agro
FITT,Hotel Fitra International
FORZ,Forza Land Indonesia
GAMA,Aksara Global Development
GGRP,Gunung Raja Paksi
GMTD,Gowa Makassar Tourism Development
GOLL,Golden Plantation
HDTX,Panasia Indo Resources
HITS,Humpuss Intermoda Transportasi
HKMU,HK Metals Utama
HOME,Hotel Mandarine Regency
HOTL,Saraswati Griya Lestari
IBST,Inti Bangun Sejahtera
IIKP,Inti Agri Resources
INAF,Indofarma
IPPE,Indo Pureco Pratama
JKSW,Jakarta Kyoei Steel Works
JSKY,Sky Energy Indonesia
KAEF,Kimia Farma
KAYU,Darmi Bersaudara
KBRI,Kertas Basuki Rachmat Indonesia
KJEN,Krida Jaringan Nusantara
KOIN,Kokoh Inti Arebama
KPAL,Steadfast Marine
KPAS,Cottonindo Ariesta
KRAH,Grand Kartech
LCGP,Eureka Prima Jakarta
LINK,Link Net
LMAS,Limas Indonesia Makmur
LMSH,Lionmesh Prima
MABA,Marga Abhinaya Abadi
MAGP,Multi Agro Gemilang Plantation
MAMI,Mas Murni Indonesia
MASA,Multistrada Arah Sarana
MASB,Bank Multiarta Sentosa
MEJA,Harta Djaya Karya
META,Nusantara Infrastucture
MFMI,Multifiling Mitra Indonesia
MGLV,Panca Anugrah Wisesa
MKNT,Mitra Komunikasi Nusantara
MTFN,Capitalinc Investment
MTRA,Mitra Pemuda
MTSM,Metro Realty
MYRX,Hanson International
MYTX,Asia Pacific Investama
NIPS,Nipress
NUSA,Sinergi Megah Internusa
OCAP,Onix Capital
OMRE,Indonesia Prima Property
PGJO,Tourindo Guide Indonesia
PLAS,Polaris Investama
PLIN,Plaza Indonesia Realty
PMMP,Panca Mitra Multiperdana
POLI,Pollux Hotels Group
POLL,Pollux Properties Indonesia
POLU,Golden Flower
POOL,Pool Advista Indonesia
POSA,Bliss Properti Indonesia
PPRO,PP Properti
PRAS,Prima Alloy Steel Universal
PTDU,Djasa Ubersakti
PTMR,Master Print
PURE,Trinitan Metals and Minerals
RAFI,Sari Kreasi Boga
RDTX,Roda Vivatex
RIMO,Rimo International Lestari
RONY,Aesler Grup Internasional
RSGK,Kedoya Adyaraya
SBAT,Sejahtera Bintang Abadi Textile
SCPI,Organon Pharma Indonesia
SIMA,Siwani Makmur
SKYB,Northcliff Citranusa Indonesia
SMCB,Solusi Bangun Indonesia
SMRU,SMR Utama
SQMI,Wilton Makmur Indonesia
SRIL,Sri Rejeki Isman
SUGI,Sugih Energy
SUPR,Solusi Tunas Pratama
SWAT,Sriwahana Adityakarta
TDPM,Tianrong Chemicals Industry
TECH,Indosterling Technomedia
TELE,Omni Inovasi Indonesia
TFCO,Tifico Fiber Indonesia
TGRA,Terregra Asia Energy
TGUK,Platinum Wahab Nusantara
TIFA,KDB Tifa Finance
TIRT,Tirta Mahakam Resources
TOPS,Totalindo Eka Persada
TOYS,Sunindo Adipersada
TRAM,Trada Alam Minera
TRIL,Triwira Insanlestari
TRIO,Trikomsel Oke
UNIT,Nusantara Inti Corpora
WICO,Wicaksana Overseas International
WIKA,Wijaya Karya
WMPP,Widodo Makmur Perkasa
WMUU,Widodo Makmur Unggas
WSKT,Waskita Karya
ZBRA,Dosni Roha Indonesia
